Name|Description|Deadline
Porretta Terme|sit amet nulla. Donec non justo. Proin non massa non|20210119
Trollhättan|elit elit fermentum risus, at fringilla purus mauris a nunc.|20190708
Chhindwara|aliquet. Phasellus fermentum convallis ligula. Donec luctus aliquet odio. Etiam|20200203
Yorkton|magna. Nam ligula elit, pretium et, rutrum non, hendrerit id,|20201216
Bozeman|luctus lobortis. Class aptent taciti sociosqu ad litora torquent per|20201121
Dibrugarh|neque venenatis lacus. Etiam bibendum fermentum metus. Aenean sed pede|20200515
Chillán|risus. Duis a mi fringilla mi lacinia mattis. Integer eu|20200315
Geer|tortor, dictum eu, placerat eget, venenatis a, magna. Lorem ipsum|20200707
Ramagundam|mattis. Cras eget nisi dictum augue malesuada malesuada. Integer id|20200923
Penticton|non, dapibus rutrum, justo. Praesent luctus. Curabitur egestas nunc sed|20191114
Paularo|morbi tristique senectus et netus et malesuada fames ac turpis|20200626
Oudekapelle|ac metus vitae velit egestas lacinia. Sed congue, elit sed|20190930
Penhold|ornare. Fusce mollis. Duis sit amet diam eu dolor egestas|20200718
Montemesola|ac mattis velit justo nec ante. Maecenas mi felis, adipiscing|20210426
Rochester|Class aptent taciti sociosqu ad litora torquent per conubia nostra,|20200729
Jeongeup|In nec orci. Donec nibh. Quisque nonummy ipsum non arcu.|20201128
Cherepovets|mollis. Phasellus libero mauris, aliquam eu, accumsan sed, facilisis vitae,|20210226
Santa Rita|facilisis lorem tristique aliquet. Phasellus fermentum convallis ligula. Donec luctus|20210226
Dedovsk|ut, molestie in, tempus eu, ligula. Aenean euismod mauris eu|20210102
